Modelo,Accuracy,Precision,Recall,F1,BalancedAccuracy,GMean,GMeanMicro,AUPRC,k
NaiveBayes,0.23 (0.07-0.31) ± 0.11,0.48 (0.47-0.49) ± 0.01,0.40 (0.34-0.44) ± 0.04,0.19 (0.07-0.25) ± 0.08,0.40 (0.34-0.44) ± 0.04,0.32 (0.20-0.38) ± 0.07,0.23 (0.07-0.31) ± 0.11,0.21 (0.15-0.28) ± 0.04,100.0
LogisticRegression,0.95 (0.92-0.97) ± 0.02,0.60 (0.57-0.67) ± 0.04,0.67 (0.58-0.73) ± 0.06,0.62 (0.58-0.66) ± 0.03,0.67 (0.58-0.73) ± 0.06,0.60 (0.44-0.69) ± 0.11,0.95 (0.92-0.97) ± 0.02,0.21 (0.13-0.28) ± 0.06,100.0
LightGBM,0.94 (0.92-0.96) ± 0.02,0.58 (0.56-0.61) ± 0.02,0.67 (0.57-0.75) ± 0.06,0.60 (0.57-0.63) ± 0.03,0.67 (0.57-0.75) ± 0.06,0.60 (0.40-0.72) ± 0.12,0.94 (0.92-0.96) ± 0.02,0.27 (0.10-0.37) ± 0.10,100.0
NaiveBayes,0.36 (0.30-0.42) ± 0.05,0.49 (0.49-0.49) ± 0.00,0.40 (0.37-0.45) ± 0.04,0.28 (0.25-0.31) ± 0.02,0.40 (0.37-0.45) ± 0.04,0.39 (0.36-0.43) ± 0.03,0.36 (0.30-0.42) ± 0.05,0.23 (0.15-0.28) ± 0.05,200.0
LogisticRegression,0.95 (0.95-0.96) ± 0.00,0.62 (0.61-0.64) ± 0.02,0.72 (0.67-0.78) ± 0.04,0.66 (0.63-0.69) ± 0.02,0.72 (0.67-0.78) ± 0.04,0.68 (0.59-0.76) ± 0.06,0.95 (0.95-0.96) ± 0.00,0.30 (0.23-0.37) ± 0.06,200.0
LightGBM,0.94 (0.94-0.95) ± 0.00,0.59 (0.56-0.60) ± 0.02,0.68 (0.61-0.74) ± 0.05,0.61 (0.58-0.64) ± 0.02,0.68 (0.61-0.74) ± 0.05,0.61 (0.49-0.71) ± 0.08,0.94 (0.94-0.95) ± 0.00,0.27 (0.18-0.35) ± 0.07,200.0
NaiveBayes,0.36 (0.28-0.40) ± 0.05,0.49 (0.48-0.50) ± 0.01,0.41 (0.36-0.51) ± 0.06,0.28 (0.24-0.30) ± 0.03,0.41 (0.36-0.51) ± 0.06,0.40 (0.36-0.45) ± 0.04,0.36 (0.28-0.40) ± 0.05,0.23 (0.16-0.29) ± 0.06,300.0
LogisticRegression,0.96 (0.96-0.96) ± 0.00,0.65 (0.64-0.66) ± 0.01,0.72 (0.68-0.74) ± 0.02,0.68 (0.67-0.69) ± 0.01,0.72 (0.68-0.74) ± 0.02,0.67 (0.62-0.71) ± 0.04,0.96 (0.96-0.96) ± 0.00,0.36 (0.27-0.45) ± 0.07,300.0
LightGBM,0.95 (0.95-0.96) ± 0.00,0.61 (0.59-0.65) ± 0.02,0.69 (0.62-0.75) ± 0.04,0.64 (0.60-0.67) ± 0.03,0.69 (0.62-0.75) ± 0.04,0.62 (0.52-0.71) ± 0.07,0.95 (0.95-0.96) ± 0.00,0.28 (0.19-0.37) ± 0.07,300.0
NaiveBayes,0.37 (0.28-0.40) ± 0.05,0.50 (0.49-0.50) ± 0.00,0.45 (0.40-0.51) ± 0.05,0.28 (0.24-0.30) ± 0.03,0.45 (0.40-0.51) ± 0.05,0.44 (0.40-0.47) ± 0.03,0.37 (0.28-0.40) ± 0.05,0.25 (0.21-0.31) ± 0.05,400.0
LogisticRegression,0.97 (0.96-0.97) ± 0.00,0.67 (0.65-0.70) ± 0.02,0.72 (0.67-0.76) ± 0.04,0.69 (0.66-0.73) ± 0.03,0.72 (0.67-0.76) ± 0.04,0.67 (0.60-0.73) ± 0.06,0.97 (0.96-0.97) ± 0.00,0.39 (0.30-0.48) ± 0.08,400.0
LightGBM,0.96 (0.95-0.96) ± 0.00,0.61 (0.59-0.62) ± 0.01,0.67 (0.61-0.74) ± 0.05,0.63 (0.60-0.66) ± 0.02,0.67 (0.61-0.74) ± 0.05,0.59 (0.49-0.71) ± 0.08,0.96 (0.95-0.96) ± 0.00,0.26 (0.21-0.33) ± 0.05,400.0
NaiveBayes,0.35 (0.28-0.39) ± 0.04,0.50 (0.49-0.50) ± 0.00,0.49 (0.45-0.53) ± 0.04,0.28 (0.24-0.29) ± 0.02,0.49 (0.45-0.53) ± 0.04,0.47 (0.44-0.51) ± 0.02,0.35 (0.28-0.39) ± 0.04,0.28 (0.23-0.32) ± 0.04,500.0
LogisticRegression,0.97 (0.96-0.97) ± 0.00,0.67 (0.66-0.69) ± 0.01,0.70 (0.67-0.74) ± 0.03,0.69 (0.66-0.71) ± 0.02,0.70 (0.67-0.74) ± 0.03,0.65 (0.60-0.70) ± 0.04,0.97 (0.96-0.97) ± 0.00,0.39 (0.31-0.48) ± 0.08,500.0
LightGBM,0.96 (0.95-0.97) ± 0.00,0.63 (0.60-0.66) ± 0.03,0.68 (0.61-0.75) ± 0.05,0.65 (0.60-0.69) ± 0.04,0.68 (0.61-0.75) ± 0.05,0.60 (0.49-0.72) ± 0.08,0.96 (0.95-0.97) ± 0.00,0.27 (0.22-0.30) ± 0.04,500.0
NaiveBayes,0.35 (0.33-0.38) ± 0.02,0.50 (0.50-0.51) ± 0.00,0.50 (0.46-0.56) ± 0.04,0.28 (0.26-0.29) ± 0.01,0.50 (0.46-0.56) ± 0.04,0.48 (0.44-0.51) ± 0.03,0.35 (0.33-0.38) ± 0.02,0.29 (0.24-0.35) ± 0.05,600.0
LogisticRegression,0.97 (0.97-0.97) ± 0.00,0.69 (0.67-0.70) ± 0.01,0.71 (0.67-0.74) ± 0.03,0.70 (0.67-0.71) ± 0.02,0.71 (0.67-0.74) ± 0.03,0.65 (0.60-0.70) ± 0.04,0.97 (0.97-0.97) ± 0.00,0.41 (0.31-0.51) ± 0.08,600.0
LightGBM,0.96 (0.95-0.97) ± 0.00,0.63 (0.60-0.67) ± 0.03,0.66 (0.62-0.73) ± 0.04,0.65 (0.62-0.69) ± 0.03,0.66 (0.62-0.73) ± 0.04,0.58 (0.50-0.68) ± 0.07,0.96 (0.95-0.97) ± 0.00,0.28 (0.22-0.33) ± 0.05,600.0
NaiveBayes,0.36 (0.32-0.41) ± 0.04,0.50 (0.50-0.51) ± 0.01,0.53 (0.49-0.62) ± 0.05,0.29 (0.26-0.31) ± 0.02,0.53 (0.49-0.62) ± 0.05,0.50 (0.45-0.57) ± 0.04,0.36 (0.32-0.41) ± 0.04,0.31 (0.27-0.37) ± 0.05,700.0
LogisticRegression,0.97 (0.97-0.97) ± 0.00,0.71 (0.70-0.72) ± 0.01,0.70 (0.66-0.73) ± 0.03,0.70 (0.68-0.73) ± 0.02,0.70 (0.66-0.73) ± 0.03,0.64 (0.57-0.69) ± 0.05,0.97 (0.97-0.97) ± 0.00,0.43 (0.33-0.52) ± 0.09,700.0
LightGBM,0.96 (0.95-0.97) ± 0.01,0.64 (0.57-0.70) ± 0.05,0.65 (0.61-0.71) ± 0.04,0.64 (0.58-0.68) ± 0.04,0.65 (0.61-0.71) ± 0.04,0.56 (0.49-0.66) ± 0.07,0.96 (0.95-0.97) ± 0.01,0.26 (0.20-0.34) ± 0.05,700.0
NaiveBayes,0.36 (0.32-0.47) ± 0.06,0.50 (0.50-0.51) ± 0.00,0.55 (0.52-0.60) ± 0.04,0.29 (0.26-0.34) ± 0.03,0.55 (0.52-0.60) ± 0.04,0.51 (0.47-0.55) ± 0.03,0.36 (0.32-0.47) ± 0.06,0.33 (0.28-0.40) ± 0.05,800.0
LogisticRegression,0.97 (0.97-0.97) ± 0.00,0.70 (0.69-0.71) ± 0.01,0.70 (0.66-0.72) ± 0.03,0.70 (0.68-0.71) ± 0.02,0.70 (0.66-0.72) ± 0.03,0.63 (0.57-0.67) ± 0.04,0.97 (0.97-0.97) ± 0.00,0.43 (0.34-0.53) ± 0.08,800.0
LightGBM,0.97 (0.96-0.98) ± 0.01,0.65 (0.60-0.75) ± 0.06,0.66 (0.59-0.72) ± 0.05,0.65 (0.59-0.74) ± 0.06,0.66 (0.59-0.72) ± 0.05,0.56 (0.44-0.67) ± 0.09,0.97 (0.96-0.98) ± 0.01,0.27 (0.20-0.42) ± 0.08,800.0
NaiveBayes,0.41 (0.35-0.47) ± 0.04,0.50 (0.50-0.51) ± 0.01,0.55 (0.49-0.63) ± 0.06,0.31 (0.28-0.34) ± 0.02,0.55 (0.49-0.63) ± 0.06,0.52 (0.47-0.59) ± 0.04,0.41 (0.35-0.47) ± 0.04,0.32 (0.26-0.36) ± 0.04,900.0
LogisticRegression,0.97 (0.97-0.98) ± 0.00,0.72 (0.69-0.74) ± 0.02,0.71 (0.68-0.75) ± 0.03,0.71 (0.68-0.75) ± 0.02,0.71 (0.68-0.75) ± 0.03,0.65 (0.61-0.71) ± 0.04,0.97 (0.97-0.98) ± 0.00,0.47 (0.37-0.56) ± 0.09,900.0
LightGBM,0.97 (0.96-0.97) ± 0.00,0.66 (0.61-0.73) ± 0.05,0.66 (0.60-0.71) ± 0.04,0.66 (0.60-0.70) ± 0.04,0.66 (0.60-0.71) ± 0.04,0.57 (0.47-0.66) ± 0.07,0.97 (0.96-0.97) ± 0.00,0.31 (0.20-0.39) ± 0.07,900.0
NaiveBayes,0.50 (0.34-0.65) ± 0.14,0.51 (0.50-0.52) ± 0.01,0.60 (0.49-0.70) ± 0.09,0.36 (0.27-0.43) ± 0.07,0.60 (0.49-0.70) ± 0.09,0.58 (0.46-0.69) ± 0.10,0.50 (0.34-0.65) ± 0.14,0.37 (0.33-0.45) ± 0.05,1000.0
LogisticRegression,0.97 (0.97-0.98) ± 0.00,0.71 (0.69-0.74) ± 0.02,0.72 (0.70-0.74) ± 0.02,0.72 (0.70-0.74) ± 0.02,0.72 (0.70-0.74) ± 0.02,0.67 (0.64-0.70) ± 0.03,0.97 (0.97-0.98) ± 0.00,0.47 (0.38-0.56) ± 0.09,1000.0
LightGBM,0.97 (0.97-0.97) ± 0.00,0.68 (0.65-0.73) ± 0.03,0.67 (0.64-0.70) ± 0.02,0.67 (0.65-0.70) ± 0.02,0.67 (0.64-0.70) ± 0.02,0.58 (0.55-0.64) ± 0.04,0.97 (0.97-0.97) ± 0.00,0.34 (0.30-0.39) ± 0.04,1000.0
NaiveBayes,0.66 (0.62-0.68) ± 0.02,0.52 (0.52-0.53) ± 0.00,0.73 (0.69-0.77) ± 0.04,0.45 (0.43-0.46) ± 0.01,0.73 (0.69-0.77) ± 0.04,0.73 (0.69-0.76) ± 0.03,0.66 (0.62-0.68) ± 0.02,0.46 (0.37-0.55) ± 0.08,2000.0
LogisticRegression,0.98 (0.97-0.98) ± 0.00,0.77 (0.70-0.83) ± 0.05,0.74 (0.69-0.78) ± 0.04,0.75 (0.70-0.78) ± 0.04,0.74 (0.69-0.78) ± 0.04,0.69 (0.62-0.75) ± 0.05,0.98 (0.97-0.98) ± 0.00,0.50 (0.39-0.61) ± 0.09,2000.0
LightGBM,0.98 (0.97-0.98) ± 0.00,0.76 (0.71-0.81) ± 0.04,0.66 (0.62-0.71) ± 0.04,0.70 (0.65-0.74) ± 0.04,0.66 (0.62-0.71) ± 0.04,0.57 (0.50-0.64) ± 0.06,0.98 (0.97-0.98) ± 0.00,0.43 (0.29-0.56) ± 0.09,2000.0
NaiveBayes,0.96 (0.95-0.97) ± 0.01,0.67 (0.64-0.69) ± 0.02,0.81 (0.75-0.88) ± 0.05,0.71 (0.69-0.73) ± 0.02,0.81 (0.75-0.88) ± 0.05,0.79 (0.72-0.88) ± 0.06,0.96 (0.95-0.97) ± 0.01,0.54 (0.44-0.64) ± 0.09,3000.0
LogisticRegression,0.98 (0.97-0.98) ± 0.00,0.77 (0.74-0.82) ± 0.03,0.77 (0.72-0.83) ± 0.04,0.77 (0.73-0.79) ± 0.03,0.77 (0.72-0.83) ± 0.04,0.74 (0.66-0.81) ± 0.05,0.98 (0.97-0.98) ± 0.00,0.59 (0.50-0.68) ± 0.08,3000.0
LightGBM,0.98 (0.98-0.99) ± 0.00,0.88 (0.81-0.96) ± 0.06,0.72 (0.67-0.76) ± 0.04,0.77 (0.73-0.82) ± 0.03,0.72 (0.67-0.76) ± 0.04,0.66 (0.58-0.73) ± 0.06,0.98 (0.98-0.99) ± 0.00,0.61 (0.54-0.69) ± 0.05,3000.0
NaiveBayes,0.98 (0.98-0.98) ± 0.00,0.77 (0.74-0.80) ± 0.02,0.80 (0.74-0.86) ± 0.04,0.79 (0.74-0.82) ± 0.03,0.80 (0.74-0.86) ± 0.04,0.78 (0.70-0.84) ± 0.06,0.98 (0.98-0.98) ± 0.00,0.63 (0.54-0.70) ± 0.06,4000.0
LogisticRegression,0.98 (0.98-0.98) ± 0.00,0.80 (0.76-0.84) ± 0.03,0.81 (0.76-0.86) ± 0.03,0.80 (0.76-0.84) ± 0.03,0.81 (0.76-0.86) ± 0.03,0.78 (0.73-0.85) ± 0.04,0.98 (0.98-0.98) ± 0.00,0.66 (0.60-0.72) ± 0.05,4000.0
LightGBM,0.98 (0.98-0.98) ± 0.00,0.87 (0.86-0.90) ± 0.02,0.72 (0.67-0.74) ± 0.03,0.77 (0.73-0.79) ± 0.03,0.72 (0.67-0.74) ± 0.03,0.66 (0.58-0.70) ± 0.05,0.98 (0.98-0.98) ± 0.00,0.64 (0.63-0.66) ± 0.02,4000.0
NaiveBayes,0.98 (0.98-0.98) ± 0.00,0.82 (0.78-0.85) ± 0.03,0.81 (0.76-0.84) ± 0.03,0.81 (0.78-0.83) ± 0.02,0.81 (0.76-0.84) ± 0.03,0.78 (0.72-0.83) ± 0.04,0.98 (0.98-0.98) ± 0.00,0.68 (0.64-0.77) ± 0.05,5000.0
LogisticRegression,0.98 (0.98-0.99) ± 0.00,0.81 (0.76-0.83) ± 0.03,0.83 (0.78-0.87) ± 0.03,0.82 (0.77-0.85) ± 0.03,0.83 (0.78-0.87) ± 0.03,0.81 (0.75-0.86) ± 0.04,0.98 (0.98-0.99) ± 0.00,0.68 (0.62-0.74) ± 0.05,5000.0
LightGBM,0.98 (0.98-0.98) ± 0.00,0.88 (0.85-0.91) ± 0.02,0.70 (0.65-0.73) ± 0.03,0.76 (0.72-0.79) ± 0.03,0.70 (0.65-0.73) ± 0.03,0.64 (0.55-0.69) ± 0.05,0.98 (0.98-0.98) ± 0.00,0.65 (0.62-0.70) ± 0.03,5000.0
NaiveBayes,0.98 (0.98-0.99) ± 0.00,0.85 (0.81-0.87) ± 0.02,0.81 (0.76-0.86) ± 0.04,0.82 (0.79-0.86) ± 0.03,0.81 (0.76-0.86) ± 0.04,0.78 (0.72-0.85) ± 0.04,0.98 (0.98-0.99) ± 0.00,0.71 (0.64-0.81) ± 0.07,6000.0
LogisticRegression,0.98 (0.98-0.99) ± 0.00,0.83 (0.81-0.85) ± 0.01,0.83 (0.79-0.86) ± 0.03,0.83 (0.81-0.85) ± 0.02,0.83 (0.79-0.86) ± 0.03,0.81 (0.77-0.85) ± 0.03,0.98 (0.98-0.99) ± 0.00,0.71 (0.67-0.76) ± 0.04,6000.0
LightGBM,0.98 (0.98-0.98) ± 0.00,0.88 (0.83-0.91) ± 0.04,0.70 (0.67-0.73) ± 0.03,0.76 (0.73-0.79) ± 0.03,0.70 (0.67-0.73) ± 0.03,0.64 (0.58-0.69) ± 0.04,0.98 (0.98-0.98) ± 0.00,0.63 (0.59-0.66) ± 0.03,6000.0
NaiveBayes,0.98 (0.98-0.99) ± 0.00,0.86 (0.83-0.90) ± 0.03,0.80 (0.75-0.86) ± 0.04,0.83 (0.78-0.87) ± 0.03,0.80 (0.75-0.86) ± 0.04,0.78 (0.70-0.85) ± 0.05,0.98 (0.98-0.99) ± 0.00,0.72 (0.65-0.80) ± 0.06,7000.0
LogisticRegression,0.98 (0.98-0.99) ± 0.00,0.83 (0.81-0.84) ± 0.02,0.83 (0.81-0.86) ± 0.02,0.83 (0.81-0.85) ± 0.02,0.83 (0.81-0.86) ± 0.02,0.82 (0.78-0.85) ± 0.03,0.98 (0.98-0.99) ± 0.00,0.72 (0.67-0.76) ± 0.04,7000.0
LightGBM,0.98 (0.98-0.98) ± 0.00,0.91 (0.85-0.96) ± 0.04,0.70 (0.68-0.73) ± 0.02,0.77 (0.75-0.79) ± 0.02,0.70 (0.68-0.73) ± 0.02,0.64 (0.60-0.68) ± 0.03,0.98 (0.98-0.98) ± 0.00,0.64 (0.62-0.68) ± 0.02,7000.0
NaiveBayes,0.98 (0.98-0.99) ± 0.00,0.84 (0.81-0.86) ± 0.02,0.80 (0.76-0.86) ± 0.04,0.82 (0.80-0.86) ± 0.02,0.80 (0.76-0.86) ± 0.04,0.78 (0.72-0.85) ± 0.04,0.98 (0.98-0.99) ± 0.00,0.71 (0.64-0.80) ± 0.06,8000.0
LogisticRegression,0.98 (0.98-0.99) ± 0.00,0.84 (0.82-0.87) ± 0.02,0.83 (0.81-0.86) ± 0.02,0.83 (0.81-0.85) ± 0.01,0.83 (0.81-0.86) ± 0.02,0.82 (0.79-0.85) ± 0.03,0.98 (0.98-0.99) ± 0.00,0.72 (0.67-0.77) ± 0.04,8000.0
LightGBM,0.98 (0.98-0.98) ± 0.00,0.89 (0.85-0.93) ± 0.03,0.70 (0.67-0.73) ± 0.02,0.77 (0.74-0.78) ± 0.02,0.70 (0.67-0.73) ± 0.02,0.64 (0.59-0.69) ± 0.04,0.98 (0.98-0.98) ± 0.00,0.65 (0.62-0.67) ± 0.02,8000.0
NaiveBayes,0.98 (0.98-0.99) ± 0.00,0.84 (0.82-0.85) ± 0.01,0.81 (0.77-0.86) ± 0.03,0.82 (0.80-0.85) ± 0.02,0.81 (0.77-0.86) ± 0.03,0.79 (0.74-0.85) ± 0.04,0.98 (0.98-0.99) ± 0.00,0.71 (0.64-0.80) ± 0.06,9000.0
LogisticRegression,0.98 (0.98-0.99) ± 0.00,0.84 (0.82-0.87) ± 0.02,0.83 (0.79-0.86) ± 0.03,0.84 (0.81-0.86) ± 0.02,0.83 (0.79-0.86) ± 0.03,0.81 (0.77-0.85) ± 0.04,0.98 (0.98-0.99) ± 0.00,0.72 (0.67-0.77) ± 0.05,9000.0
LightGBM,0.98 (0.98-0.98) ± 0.00,0.89 (0.83-0.95) ± 0.05,0.69 (0.67-0.71) ± 0.02,0.75 (0.74-0.77) ± 0.01,0.69 (0.67-0.71) ± 0.02,0.62 (0.58-0.64) ± 0.03,0.98 (0.98-0.98) ± 0.00,0.64 (0.61-0.68) ± 0.03,9000.0
NaiveBayes,0.98 (0.98-0.99) ± 0.00,0.83 (0.82-0.85) ± 0.01,0.81 (0.76-0.84) ± 0.03,0.82 (0.79-0.84) ± 0.02,0.81 (0.76-0.84) ± 0.03,0.79 (0.72-0.83) ± 0.04,0.98 (0.98-0.99) ± 0.00,0.72 (0.66-0.80) ± 0.05,10000.0
LogisticRegression,0.98 (0.98-0.99) ± 0.00,0.84 (0.82-0.88) ± 0.03,0.83 (0.79-0.86) ± 0.03,0.83 (0.81-0.87) ± 0.02,0.83 (0.79-0.86) ± 0.03,0.81 (0.77-0.85) ± 0.04,0.98 (0.98-0.99) ± 0.00,0.73 (0.67-0.78) ± 0.05,10000.0
LightGBM,0.98 (0.98-0.98) ± 0.00,0.88 (0.85-0.91) ± 0.03,0.69 (0.64-0.71) ± 0.03,0.75 (0.70-0.77) ± 0.03,0.69 (0.64-0.71) ± 0.03,0.61 (0.53-0.64) ± 0.05,0.98 (0.98-0.98) ± 0.00,0.64 (0.61-0.66) ± 0.02,10000.0
NaiveBayes,0.98 (0.98-0.98) ± 0.00,0.79 (0.77-0.83) ± 0.02,0.87 (0.84-0.90) ± 0.02,0.83 (0.80-0.85) ± 0.02,0.87 (0.84-0.90) ± 0.02,0.86 (0.83-0.89) ± 0.02,0.98 (0.98-0.98) ± 0.00,0.73 (0.68-0.81) ± 0.05,20000.0
LogisticRegression,0.99 (0.98-0.99) ± 0.00,0.85 (0.83-0.88) ± 0.02,0.83 (0.79-0.86) ± 0.03,0.84 (0.81-0.86) ± 0.02,0.83 (0.79-0.86) ± 0.03,0.82 (0.77-0.85) ± 0.03,0.99 (0.98-0.99) ± 0.00,0.73 (0.68-0.79) ± 0.05,20000.0
LightGBM,0.98 (0.98-0.98) ± 0.00,0.89 (0.83-0.93) ± 0.04,0.67 (0.67-0.68) ± 0.01,0.74 (0.73-0.75) ± 0.01,0.67 (0.67-0.68) ± 0.01,0.59 (0.58-0.60) ± 0.01,0.98 (0.98-0.98) ± 0.00,0.65 (0.59-0.69) ± 0.03,20000.0
NaiveBayes,0.97 (0.97-0.98) ± 0.01,0.74 (0.70-0.77) ± 0.03,0.89 (0.84-0.92) ± 0.03,0.80 (0.75-0.82) ± 0.03,0.89 (0.84-0.92) ± 0.03,0.88 (0.83-0.92) ± 0.03,0.97 (0.97-0.98) ± 0.01,0.73 (0.69-0.81) ± 0.05,30000.0
LogisticRegression,0.99 (0.98-0.99) ± 0.00,0.85 (0.83-0.87) ± 0.02,0.83 (0.81-0.86) ± 0.02,0.84 (0.82-0.86) ± 0.02,0.83 (0.81-0.86) ± 0.02,0.82 (0.79-0.85) ± 0.03,0.99 (0.98-0.99) ± 0.00,0.73 (0.68-0.79) ± 0.05,30000.0
LightGBM,0.98 (0.98-0.98) ± 0.00,0.90 (0.89-0.91) ± 0.01,0.69 (0.65-0.72) ± 0.03,0.75 (0.72-0.79) ± 0.03,0.69 (0.65-0.72) ± 0.03,0.61 (0.54-0.67) ± 0.05,0.98 (0.98-0.98) ± 0.00,0.65 (0.58-0.68) ± 0.04,30000.0
NaiveBayes,0.97 (0.96-0.98) ± 0.00,0.72 (0.68-0.74) ± 0.02,0.89 (0.85-0.93) ± 0.03,0.78 (0.74-0.80) ± 0.02,0.89 (0.85-0.93) ± 0.03,0.89 (0.84-0.93) ± 0.03,0.97 (0.96-0.98) ± 0.00,0.73 (0.68-0.81) ± 0.05,40000.0
LogisticRegression,0.99 (0.98-0.99) ± 0.00,0.85 (0.83-0.88) ± 0.02,0.83 (0.81-0.86) ± 0.02,0.84 (0.82-0.87) ± 0.02,0.83 (0.81-0.86) ± 0.02,0.82 (0.79-0.85) ± 0.03,0.99 (0.98-0.99) ± 0.00,0.73 (0.68-0.79) ± 0.05,40000.0
LightGBM,0.98 (0.98-0.98) ± 0.00,0.89 (0.83-0.93) ± 0.04,0.70 (0.68-0.73) ± 0.02,0.76 (0.74-0.79) ± 0.02,0.70 (0.68-0.73) ± 0.02,0.63 (0.60-0.69) ± 0.03,0.98 (0.98-0.98) ± 0.00,0.65 (0.58-0.68) ± 0.04,40000.0
NaiveBayes,0.97 (0.96-0.97) ± 0.00,0.70 (0.67-0.72) ± 0.02,0.89 (0.85-0.93) ± 0.03,0.76 (0.73-0.79) ± 0.02,0.89 (0.85-0.93) ± 0.03,0.89 (0.84-0.93) ± 0.04,0.97 (0.96-0.97) ± 0.00,0.73 (0.68-0.81) ± 0.05,50000.0
LogisticRegression,0.99 (0.98-0.99) ± 0.00,0.85 (0.83-0.88) ± 0.02,0.83 (0.81-0.86) ± 0.02,0.84 (0.82-0.87) ± 0.02,0.83 (0.81-0.86) ± 0.02,0.82 (0.79-0.85) ± 0.03,0.99 (0.98-0.99) ± 0.00,0.73 (0.68-0.79) ± 0.05,50000.0
LightGBM,0.98 (0.98-0.99) ± 0.00,0.90 (0.83-0.96) ± 0.05,0.69 (0.66-0.74) ± 0.03,0.76 (0.73-0.80) ± 0.03,0.69 (0.66-0.74) ± 0.03,0.62 (0.57-0.69) ± 0.05,0.98 (0.98-0.99) ± 0.00,0.64 (0.59-0.66) ± 0.03,50000.0
NaiveBayes,0.96 (0.96-0.97) ± 0.01,0.69 (0.66-0.72) ± 0.02,0.90 (0.85-0.94) ± 0.04,0.75 (0.72-0.78) ± 0.03,0.90 (0.85-0.94) ± 0.04,0.90 (0.84-0.94) ± 0.04,0.96 (0.96-0.97) ± 0.01,0.73 (0.68-0.81) ± 0.05,60000.0
LogisticRegression,0.99 (0.98-0.99) ± 0.00,0.85 (0.83-0.87) ± 0.02,0.83 (0.81-0.86) ± 0.02,0.84 (0.82-0.86) ± 0.02,0.83 (0.81-0.86) ± 0.02,0.82 (0.79-0.85) ± 0.03,0.99 (0.98-0.99) ± 0.00,0.73 (0.68-0.79) ± 0.05,60000.0
LightGBM,0.98 (0.98-0.98) ± 0.00,0.89 (0.84-0.93) ± 0.04,0.70 (0.67-0.72) ± 0.02,0.76 (0.74-0.78) ± 0.02,0.70 (0.67-0.72) ± 0.02,0.63 (0.59-0.67) ± 0.03,0.98 (0.98-0.98) ± 0.00,0.64 (0.60-0.66) ± 0.03,60000.0
NaiveBayes,0.96 (0.95-0.97) ± 0.01,0.68 (0.65-0.71) ± 0.02,0.90 (0.84-0.94) ± 0.04,0.75 (0.71-0.77) ± 0.02,0.90 (0.84-0.94) ± 0.04,0.89 (0.84-0.94) ± 0.04,0.96 (0.95-0.97) ± 0.01,0.73 (0.68-0.81) ± 0.05,70000.0
LogisticRegression,0.99 (0.98-0.99) ± 0.00,0.86 (0.83-0.87) ± 0.02,0.83 (0.80-0.86) ± 0.03,0.84 (0.82-0.87) ± 0.02,0.83 (0.80-0.86) ± 0.03,0.82 (0.78-0.85) ± 0.03,0.99 (0.98-0.99) ± 0.00,0.73 (0.68-0.79) ± 0.05,70000.0
LightGBM,0.98 (0.98-0.98) ± 0.00,0.90 (0.87-0.91) ± 0.02,0.68 (0.65-0.73) ± 0.04,0.75 (0.72-0.79) ± 0.03,0.68 (0.65-0.73) ± 0.04,0.60 (0.54-0.69) ± 0.06,0.98 (0.98-0.98) ± 0.00,0.64 (0.61-0.66) ± 0.02,70000.0
NaiveBayes,0.96 (0.95-0.97) ± 0.01,0.68 (0.65-0.71) ± 0.02,0.90 (0.84-0.94) ± 0.04,0.74 (0.71-0.77) ± 0.02,0.90 (0.84-0.94) ± 0.04,0.89 (0.84-0.94) ± 0.04,0.96 (0.95-0.97) ± 0.01,0.73 (0.68-0.81) ± 0.05,80000.0
LogisticRegression,0.99 (0.98-0.99) ± 0.00,0.86 (0.83-0.88) ± 0.02,0.83 (0.81-0.86) ± 0.02,0.84 (0.82-0.87) ± 0.02,0.83 (0.81-0.86) ± 0.02,0.82 (0.79-0.85) ± 0.03,0.99 (0.98-0.99) ± 0.00,0.73 (0.68-0.79) ± 0.05,80000.0
LightGBM,0.98 (0.98-0.99) ± 0.00,0.90 (0.84-0.95) ± 0.04,0.69 (0.65-0.74) ± 0.04,0.75 (0.72-0.80) ± 0.04,0.69 (0.65-0.74) ± 0.04,0.61 (0.55-0.69) ± 0.06,0.98 (0.98-0.99) ± 0.00,0.65 (0.61-0.67) ± 0.03,80000.0
NaiveBayes,0.96 (0.95-0.97) ± 0.01,0.68 (0.65-0.70) ± 0.02,0.90 (0.84-0.94) ± 0.04,0.74 (0.70-0.77) ± 0.02,0.90 (0.84-0.94) ± 0.04,0.89 (0.84-0.94) ± 0.04,0.96 (0.95-0.97) ± 0.01,0.73 (0.68-0.81) ± 0.05,90000.0
LogisticRegression,0.99 (0.98-0.99) ± 0.00,0.86 (0.83-0.89) ± 0.02,0.83 (0.80-0.88) ± 0.03,0.84 (0.82-0.88) ± 0.03,0.83 (0.80-0.88) ± 0.03,0.82 (0.78-0.87) ± 0.04,0.99 (0.98-0.99) ± 0.00,0.73 (0.68-0.79) ± 0.05,90000.0
LightGBM,0.98 (0.98-0.98) ± 0.00,0.90 (0.83-0.95) ± 0.04,0.69 (0.67-0.73) ± 0.03,0.76 (0.73-0.79) ± 0.03,0.69 (0.67-0.73) ± 0.03,0.62 (0.58-0.69) ± 0.04,0.98 (0.98-0.98) ± 0.00,0.63 (0.59-0.65) ± 0.03,90000.0
NaiveBayes,0.96 (0.95-0.97) ± 0.01,0.68 (0.65-0.70) ± 0.02,0.90 (0.84-0.94) ± 0.04,0.74 (0.70-0.77) ± 0.02,0.90 (0.84-0.94) ± 0.04,0.89 (0.84-0.94) ± 0.04,0.96 (0.95-0.97) ± 0.01,0.73 (0.68-0.81) ± 0.05,100000.0
LogisticRegression,0.99 (0.98-0.99) ± 0.00,0.86 (0.83-0.89) ± 0.02,0.83 (0.80-0.88) ± 0.03,0.84 (0.82-0.88) ± 0.03,0.83 (0.80-0.88) ± 0.03,0.82 (0.78-0.87) ± 0.04,0.99 (0.98-0.99) ± 0.00,0.73 (0.68-0.79) ± 0.05,100000.0
LightGBM,0.98 (0.98-0.98) ± 0.00,0.90 (0.83-0.95) ± 0.04,0.69 (0.67-0.73) ± 0.03,0.76 (0.73-0.79) ± 0.03,0.69 (0.67-0.73) ± 0.03,0.62 (0.58-0.69) ± 0.04,0.98 (0.98-0.98) ± 0.00,0.63 (0.59-0.65) ± 0.03,100000.0
NaiveBayes,0.96 (0.95-0.97) ± 0.01,0.68 (0.65-0.70) ± 0.02,0.90 (0.84-0.94) ± 0.04,0.74 (0.70-0.77) ± 0.02,0.90 (0.84-0.94) ± 0.04,0.89 (0.84-0.94) ± 0.04,0.96 (0.95-0.97) ± 0.01,0.73 (0.68-0.81) ± 0.05,baseline
LogisticRegression,0.99 (0.98-0.99) ± 0.00,0.86 (0.83-0.89) ± 0.02,0.83 (0.80-0.88) ± 0.03,0.84 (0.82-0.88) ± 0.03,0.83 (0.80-0.88) ± 0.03,0.82 (0.78-0.87) ± 0.04,0.99 (0.98-0.99) ± 0.00,0.73 (0.68-0.79) ± 0.05,baseline
LightGBM,0.98 (0.98-0.98) ± 0.00,0.90 (0.83-0.95) ± 0.04,0.69 (0.67-0.73) ± 0.03,0.76 (0.73-0.79) ± 0.03,0.69 (0.67-0.73) ± 0.03,0.62 (0.58-0.69) ± 0.04,0.98 (0.98-0.98) ± 0.00,0.63 (0.59-0.65) ± 0.03,baseline
